ID,Title,URLs,"Date Uploaded","Media Type"
,,https://alwahabfoundation.org/wp-content/uploads/2022/11/IMG_2134-3.jpg,,
,,https://alwahabfoundation.org/wp-content/uploads/2022/11/IMG_2134-2.jpg,,
,,https://alwahabfoundation.org/wp-content/uploads/2022/11/Report-2020.pdf,,
,,https://alwahabfoundation.org/wp-content/uploads/2022/11/Report-2018-19.pdf,,
,,https://alwahabfoundation.org/wp-content/uploads/2022/11/Report-2017-18.pdf,,
,,https://alwahabfoundation.org/wp-content/uploads/2022/10/programs.csv,,
,,https://alwahabfoundation.org/wp-content/uploads/2022/07/FAR_3779-1.jpg,,
,,https://alwahabfoundation.org/wp-content/uploads/2022/07/SAK04034.jpg,,
,,https://alwahabfoundation.org/wp-content/uploads/2022/10/IMG_6256.jpg,,
,,https://alwahabfoundation.org/wp-content/uploads/2022/10/3L5A6312-Edit-2.jpg,,
,,https://alwahabfoundation.org/wp-content/uploads/2022/10/3L5A6167-1.jpg,,
,,https://alwahabfoundation.org/wp-content/uploads/2022/10/3L5A1575-2.jpg,,
,,https://alwahabfoundation.org/wp-content/uploads/2022/10/3L5A1555-2.jpg,,
,,https://alwahabfoundation.org/wp-content/uploads/2022/09/sock.svg,,
,,https://alwahabfoundation.org/wp-content/uploads/2022/09/shawl.svg,,
,,https://alwahabfoundation.org/wp-content/uploads/2022/07/IMG_3006.jpg,,
,,https://alwahabfoundation.org/wp-content/uploads/2022/07/IMG_2972.jpg,,
,,https://alwahabfoundation.org/wp-content/uploads/2022/07/IMG_2994.jpg,,
,,https://alwahabfoundation.org/wp-content/uploads/2022/07/IMG_2967.jpg,,
,,https://alwahabfoundation.org/wp-content/uploads/2022/07/WhatsApp-Image-2022-10-10-at-1.17.03-PM.jpeg,,
,,https://alwahabfoundation.org/wp-content/uploads/2022/06/3L5A2332-1.jpg,,
,,https://alwahabfoundation.org/wp-content/uploads/2022/06/3L5A2205.jpg,,
,,https://alwahabfoundation.org/wp-content/uploads/2022/07/IMG_8963.jpg,,
,,https://alwahabfoundation.org/wp-content/uploads/2022/10/3L5A6060.jpg,,
,,https://alwahabfoundation.org/wp-content/uploads/2022/10/IMG_2328.jpg,,
,,https://alwahabfoundation.org/wp-content/uploads/2022/10/IMG_1797.jpg,,
,,https://alwahabfoundation.org/wp-content/uploads/2022/10/IMG_2952.jpg,,
,,https://alwahabfoundation.org/wp-content/uploads/2022/10/IMG_2772.jpg,,
,,https://alwahabfoundation.org/wp-content/uploads/2022/10/IMG_2730.jpg,,
,,https://alwahabfoundation.org/wp-content/uploads/2022/10/IMG_8942-1.jpg,,
,,https://alwahabfoundation.org/wp-content/uploads/2022/10/IMG_1196.jpg,,
,,https://alwahabfoundation.org/wp-content/uploads/2022/10/IMG_0841.jpg,,
,,https://alwahabfoundation.org/wp-content/uploads/2022/10/IMG_9667.jpg,,
,,https://alwahabfoundation.org/wp-content/uploads/2022/10/IMG_9575.jpg,,
,,https://alwahabfoundation.org/wp-content/uploads/2022/07/SAK03937.jpg,,
,,https://alwahabfoundation.org/wp-content/uploads/2022/07/IMG_5268.jpg,,
,,https://alwahabfoundation.org/wp-content/uploads/2022/07/IMG_8474.jpg,,
,,https://alwahabfoundation.org/wp-content/uploads/2022/09/AWF-Logo-RGB_Icon-Colored-e1665397403985.png,,
,,https://alwahabfoundation.org/wp-content/uploads/2022/09/IMG_2311-2.jpg,,
,,https://alwahabfoundation.org/wp-content/uploads/2022/09/87a3d0c13ff6307c6d26df055dcc2866.jpg,,
,,https://alwahabfoundation.org/wp-content/uploads/2022/09/IMG_1441-1.jpg,,
,,https://alwahabfoundation.org/wp-content/uploads/2022/09/IMG_1126.jpg,,
,,https://alwahabfoundation.org/wp-content/uploads/2022/09/IMG_0923.jpg,,
,,https://alwahabfoundation.org/wp-content/uploads/2022/09/IMG_0890.jpg,,
,,https://alwahabfoundation.org/wp-content/uploads/2022/09/IMG_0878.jpg,,
,,https://alwahabfoundation.org/wp-content/uploads/2022/09/DSC_7327.jpg,,
,,https://alwahabfoundation.org/wp-content/uploads/2022/09/SAK01428.jpg,,
,,https://alwahabfoundation.org/wp-content/uploads/2022/06/3L5A2309.jpg,,
,,https://alwahabfoundation.org/wp-content/uploads/2022/07/3L5A6368.jpg,,
,,https://alwahabfoundation.org/wp-content/uploads/2022/06/Untitled-design17.png,,
,,https://alwahabfoundation.org/wp-content/uploads/2022/06/AWF-Logo-RGB_Variation4-Colored-croped.png,,
,,https://alwahabfoundation.org/wp-content/uploads/2022/06/Untitled-design18.png,,
,,https://alwahabfoundation.org/wp-content/uploads/2022/07/SAK04073.jpg,,
,,https://alwahabfoundation.org/wp-content/uploads/2022/06/logo-1.png,,
,,https://alwahabfoundation.org/wp-content/uploads/2022/06/logo-2.png,,
,,https://alwahabfoundation.org/wp-content/uploads/2022/06/AWF-Logo-RGB_Variation4-Colored.png,,
,,https://alwahabfoundation.org/wp-content/uploads/2022/09/3L5A0752.jpg,,
,,https://alwahabfoundation.org/wp-content/uploads/2022/06/Untitled-design16.png,,
,,https://alwahabfoundation.org/wp-content/uploads/2022/09/3L5A9884.jpg,,
,,https://alwahabfoundation.org/wp-content/uploads/2022/09/3L5A9522.jpg,,
,,https://alwahabfoundation.org/wp-content/uploads/2022/09/3L5A9402.jpg,,
,,https://alwahabfoundation.org/wp-content/uploads/2022/09/3L5A1827.jpg,,
,,https://alwahabfoundation.org/wp-content/uploads/2022/09/3L5A1822.jpg,,
,,https://alwahabfoundation.org/wp-content/uploads/2022/09/3L5A9735.jpg,,
,,https://alwahabfoundation.org/wp-content/uploads/2022/09/3L5A1253.jpg,,
,,https://alwahabfoundation.org/wp-content/uploads/2022/09/3L5A9726.jpg,,
,,https://alwahabfoundation.org/wp-content/uploads/2022/09/3L5A9711.jpg,,
,,https://alwahabfoundation.org/wp-content/uploads/2022/09/3L5A9512-2.jpg,,
,,https://alwahabfoundation.org/wp-content/uploads/2022/09/3L5A1312.jpg,,
,,https://alwahabfoundation.org/wp-content/uploads/2022/09/3L5A9252.jpg,,
,,https://alwahabfoundation.org/wp-content/uploads/2022/09/3L5A9219.jpg,,
,,https://alwahabfoundation.org/wp-content/uploads/2022/09/3L5A9181.jpg,,
,,https://alwahabfoundation.org/wp-content/uploads/2022/06/AWF-Logo-File_Variation3-Colored-crop.png,,
,,https://alwahabfoundation.org/wp-content/uploads/2022/09/IMG_8879.jpg,,
,,https://alwahabfoundation.org/wp-content/uploads/2022/09/DSC03217.jpg,,
,,https://alwahabfoundation.org/wp-content/uploads/2022/09/AWF-blog-header.png,,
,,https://alwahabfoundation.org/wp-content/uploads/2022/09/AWF-newsletter-image1.jpg,,
,,https://alwahabfoundation.org/wp-content/uploads/2022/09/case-study-1024x683-1.jpg,,
,,https://alwahabfoundation.org/wp-content/uploads/2022/09/winter-survival-kit.jpeg,,
,,https://alwahabfoundation.org/wp-content/uploads/2022/09/https___cdn.cnn_.com_cnnnext_dam_assets_220829174438-pakistan-flooding-0828-1024x576-1.jpeg,,
,,https://alwahabfoundation.org/wp-content/uploads/2022/09/AP22242246849743.jpg,,
,,https://alwahabfoundation.org/wp-content/uploads/2022/09/3L5A9847-1170x658-1.jpeg,,
,,https://alwahabfoundation.org/wp-content/uploads/2022/09/3L5A8237-copy-1024x683-1.jpeg,,
,,https://alwahabfoundation.org/wp-content/uploads/2022/09/IMG_9667.jpg,,
,,https://alwahabfoundation.org/wp-content/uploads/2022/09/Website-banner-03.jpg,,
,,https://alwahabfoundation.org/wp-content/uploads/2022/09/maintenance-bg-001.png,,
,,https://alwahabfoundation.org/wp-content/uploads/2022/09/placeholder-7.png,,
,,https://alwahabfoundation.org/wp-content/uploads/2022/09/placeholder-6.png,,
,,https://alwahabfoundation.org/wp-content/uploads/2022/09/placeholder-5.png,,
,,https://alwahabfoundation.org/wp-content/uploads/2022/09/placeholder-4.png,,
,,https://alwahabfoundation.org/wp-content/uploads/2022/09/placeholder-3.png,,
,,https://alwahabfoundation.org/wp-content/uploads/2022/09/placeholder-2.png,,
,,https://alwahabfoundation.org/wp-content/uploads/2022/09/placeholder-1.png,,
,,https://alwahabfoundation.org/wp-content/uploads/2022/09/placeholder.png,,
,,https://alwahabfoundation.org/wp-content/uploads/2022/09/maintenance-bg-002.png,,
,,https://alwahabfoundation.org/wp-content/uploads/2022/09/quality.png,,
,,https://alwahabfoundation.org/wp-content/uploads/2022/09/IMG_7703.jpg,,
,,https://alwahabfoundation.org/wp-content/uploads/2022/06/IMG_8230.jpg,,
,,https://alwahabfoundation.org/wp-content/uploads/2022/09/3L5A5842-1.jpg,,
,,https://alwahabfoundation.org/wp-content/uploads/2022/09/3L5A5848.jpg,,
,,https://alwahabfoundation.org/wp-content/uploads/2022/07/IMG_9489-e1670248940538.jpg,,
,,https://alwahabfoundation.org/wp-content/uploads/2022/09/IMG_9546.jpg,,
,,https://alwahabfoundation.org/wp-content/uploads/2022/09/IMG_9100.jpg,,
,,https://alwahabfoundation.org/wp-content/uploads/2022/09/IMG_8891.jpg,,
,,https://alwahabfoundation.org/wp-content/uploads/2022/09/IMG_8889.jpg,,
,,https://alwahabfoundation.org/wp-content/uploads/2022/09/IMG_8618.jpg,,
,,https://alwahabfoundation.org/wp-content/uploads/2022/09/3L5A7741.jpg,,
,,https://alwahabfoundation.org/wp-content/uploads/2022/07/IMG_0085-e1670246711782.jpg,,
,,https://alwahabfoundation.org/wp-content/uploads/2022/09/IMG_2398.jpg,,
,,https://alwahabfoundation.org/wp-content/uploads/2022/09/IMG_8812.jpg,,
,,https://alwahabfoundation.org/wp-content/uploads/2022/09/IMG_9556.jpg,,
,,https://alwahabfoundation.org/wp-content/uploads/2022/09/IMG_1876.jpg,,
,,https://alwahabfoundation.org/wp-content/uploads/2022/09/Feed_A_Family_2019_Selected-7-1.jpg,,
,,https://alwahabfoundation.org/wp-content/uploads/2022/09/MG_1912.jpg,,
,,https://alwahabfoundation.org/wp-content/uploads/2022/09/IMG_9366.jpg,,
,,https://alwahabfoundation.org/wp-content/uploads/2022/09/IMG_8902.jpg,,
,,https://alwahabfoundation.org/wp-content/uploads/2022/09/IMG_4318.jpg,,
,,https://alwahabfoundation.org/wp-content/uploads/2022/09/IMG_0216.jpg,,
,,https://alwahabfoundation.org/wp-content/uploads/2022/07/3L5A6167-1-1.jpg,,
,,https://alwahabfoundation.org/wp-content/uploads/2022/06/IMG_0123.jpg,,
,,https://alwahabfoundation.org/wp-content/uploads/2022/06/IMG_8768.jpg,,
,,https://alwahabfoundation.org/wp-content/uploads/2022/06/IMG_8999.jpg,,
,,https://alwahabfoundation.org/wp-content/uploads/2022/07/IMG_8911.jpg,,
,,https://alwahabfoundation.org/wp-content/uploads/2022/07/IMG_7893-1-e1670246329514.jpg,,
,,https://alwahabfoundation.org/wp-content/uploads/2022/07/SAK05816.jpg,,
,,https://alwahabfoundation.org/wp-content/uploads/2022/07/IMG_8001.jpg,,
,,https://alwahabfoundation.org/wp-content/uploads/2022/07/IMG_0238.jpg,,
,,https://alwahabfoundation.org/wp-content/uploads/2022/07/IMG_6662.jpg,,
,,https://alwahabfoundation.org/wp-content/uploads/2022/07/IMG_4784.jpg,,
,,https://alwahabfoundation.org/wp-content/uploads/2022/07/IMG_6256.jpg,,
,,https://alwahabfoundation.org/wp-content/uploads/2022/07/IMG_0608.jpg,,
,,https://alwahabfoundation.org/wp-content/uploads/2022/07/IMG_6676.jpg,,
,,https://alwahabfoundation.org/wp-content/uploads/2022/07/IMS04530.jpg,,
,,https://alwahabfoundation.org/wp-content/uploads/2022/07/SAK05554.jpg,,
,,https://alwahabfoundation.org/wp-content/uploads/2022/07/IMG_1070.jpg,,
,,https://alwahabfoundation.org/wp-content/uploads/2022/07/Masjid_2018_Selected-18.jpg,,
,,https://alwahabfoundation.org/wp-content/uploads/2022/07/IMG_1409.jpg,,
,,https://alwahabfoundation.org/wp-content/uploads/2022/07/IMG_0867.jpg,,
,,https://alwahabfoundation.org/wp-content/uploads/2022/07/SAK07017.jpg,,
,,https://alwahabfoundation.org/wp-content/uploads/2022/07/IMG_8116.jpg,,
,,https://alwahabfoundation.org/wp-content/uploads/2022/07/IMG_4014.jpg,,
,,https://alwahabfoundation.org/wp-content/uploads/2022/07/Food-Pack-1.svg,,
,,https://alwahabfoundation.org/wp-content/uploads/2022/07/SAK07461.jpg,,
,,https://alwahabfoundation.org/wp-content/uploads/2022/07/IMG_6226.jpg,,
,,https://alwahabfoundation.org/wp-content/uploads/2022/07/3L5A6136-1.jpg,,
,,https://alwahabfoundation.org/wp-content/uploads/2022/07/3L5A6167-1.jpg,,
,,https://alwahabfoundation.org/wp-content/uploads/2022/07/3L5A6312-Edit.jpg,,
,,https://alwahabfoundation.org/wp-content/uploads/2022/07/3L5A6302-Edit.jpg,,
,,https://alwahabfoundation.org/wp-content/uploads/2022/07/3L5A5063.jpg,,
,,https://alwahabfoundation.org/wp-content/uploads/2022/07/Livelihood_2019_Selected-46.jpg,,
,,https://alwahabfoundation.org/wp-content/uploads/2022/07/FAR_3739.jpg,,
,,https://alwahabfoundation.org/wp-content/uploads/2022/07/FAR_3779.jpg,,
,,https://alwahabfoundation.org/wp-content/uploads/2022/07/IMG_9574.jpg,,
,,https://alwahabfoundation.org/wp-content/uploads/2022/07/fidyah-fitrana.jpg,,
,,https://alwahabfoundation.org/wp-content/uploads/2022/07/IMG_9575.jpg,,
,,https://alwahabfoundation.org/wp-content/uploads/2022/07/IMG_9317.jpg,,
,,https://alwahabfoundation.org/wp-content/uploads/2022/07/IMG_8961.jpg,,
,,https://alwahabfoundation.org/wp-content/uploads/2022/07/IMG_7893-e1670246304135.jpg,,
,,https://alwahabfoundation.org/wp-content/uploads/2022/07/IMG_9238.jpg,,
,,https://alwahabfoundation.org/wp-content/uploads/2022/07/IMG_6187.jpg,,
,,https://alwahabfoundation.org/wp-content/uploads/2022/07/3L5A6183-1.jpg,,
,,https://alwahabfoundation.org/wp-content/uploads/2022/07/3L5A6155.jpg,,
,,https://alwahabfoundation.org/wp-content/uploads/2022/07/SAK04290.jpg,,
,,https://alwahabfoundation.org/wp-content/uploads/2022/07/IMS03167.jpg,,
,,https://alwahabfoundation.org/wp-content/uploads/2022/07/website-pattern.png,,
,,https://alwahabfoundation.org/wp-content/uploads/2022/07/SAK04078.jpg,,
,,https://alwahabfoundation.org/wp-content/uploads/2022/07/IMG_9931.jpg,,
,,https://alwahabfoundation.org/wp-content/uploads/2022/08/youtube.svg,,
,,https://alwahabfoundation.org/wp-content/uploads/2022/08/Water-well.svg,,
,,https://alwahabfoundation.org/wp-content/uploads/2022/08/Water-Handpump.svg,,
,,https://alwahabfoundation.org/wp-content/uploads/2022/08/transparency.svg,,
,,https://alwahabfoundation.org/wp-content/uploads/2022/08/telephone.svg,,
,,https://alwahabfoundation.org/wp-content/uploads/2022/08/Sweater.svg,,
,,https://alwahabfoundation.org/wp-content/uploads/2022/08/Sewing-Machine.svg,,
,,https://alwahabfoundation.org/wp-content/uploads/2022/08/School-Building.svg,,
,,https://alwahabfoundation.org/wp-content/uploads/2022/08/Rickshaw.svg,,
,,https://alwahabfoundation.org/wp-content/uploads/2022/08/partnership.svg,,
,,https://alwahabfoundation.org/wp-content/uploads/2022/08/One-Child.svg,,
,,https://alwahabfoundation.org/wp-content/uploads/2022/08/Motorbike.svg,,
,,https://alwahabfoundation.org/wp-content/uploads/2022/08/Mosque.svg,,
,,https://alwahabfoundation.org/wp-content/uploads/2022/08/Madrassah.svg,,
,,https://alwahabfoundation.org/wp-content/uploads/2022/08/location.svg,,
,,https://alwahabfoundation.org/wp-content/uploads/2022/08/Integrity.svg,,
,,https://alwahabfoundation.org/wp-content/uploads/2022/08/instagram.svg,,
,,https://alwahabfoundation.org/wp-content/uploads/2022/08/Iftar.svg,,
,,https://alwahabfoundation.org/wp-content/uploads/2022/08/Group-of-People-Multiple-Children-Beneficiaries-Multiple-Women.svg,,
,,https://alwahabfoundation.org/wp-content/uploads/2022/08/Food.svg,,
,,https://alwahabfoundation.org/wp-content/uploads/2022/08/Food-box.svg,,
,,https://alwahabfoundation.org/wp-content/uploads/2022/08/Family.svg,,
,,https://alwahabfoundation.org/wp-content/uploads/2022/08/facebook.svg,,
,,https://alwahabfoundation.org/wp-content/uploads/2022/08/Eye-Surgery.svg,,
,,https://alwahabfoundation.org/wp-content/uploads/2022/08/Eye-Camp.svg,,
,,https://alwahabfoundation.org/wp-content/uploads/2022/08/Excellence.svg,,
,,https://alwahabfoundation.org/wp-content/uploads/2022/08/equality.svg,,
,,https://alwahabfoundation.org/wp-content/uploads/2022/08/email.svg,,
,,https://alwahabfoundation.org/wp-content/uploads/2022/08/Cooked-Food.svg,,
,,https://alwahabfoundation.org/wp-content/uploads/2022/08/compassion.svg,,
,,https://alwahabfoundation.org/wp-content/uploads/2022/08/blanket.svg,,
,,https://alwahabfoundation.org/wp-content/uploads/2022/06/AWF-Logo-File_Icon-Colored-e1660732038947.png,,
,,https://alwahabfoundation.org/wp-content/uploads/2022/06/AWF-Logo-File_Icon-White-e1660732174526.png,,
,,https://alwahabfoundation.org/wp-content/uploads/2022/08/IMG_9662.jpg,,
,,https://alwahabfoundation.org/wp-content/uploads/2022/08/IMG_8958-e1660235889622.jpg,,
,,https://alwahabfoundation.org/wp-content/uploads/2022/08/IMG_8902.jpg,,
,,https://alwahabfoundation.org/wp-content/uploads/2022/08/IMG_8603.jpg,,
,,https://alwahabfoundation.org/wp-content/uploads/2022/08/IMG_1730.jpg,,
,,https://alwahabfoundation.org/wp-content/uploads/2022/08/IMG_0494.jpg,,
,,https://alwahabfoundation.org/wp-content/uploads/2022/07/SAK01135-scaled-1.jpg,,
,,https://alwahabfoundation.org/wp-content/uploads/2022/07/QURBANI-PIC-INSIDE-1024x683-1.jpg,,
,,https://alwahabfoundation.org/wp-content/uploads/2022/07/importance.jpg,,
,,https://alwahabfoundation.org/wp-content/uploads/2022/07/Pakistan-Cyclone-Banner.jpg,,
,,https://alwahabfoundation.org/wp-content/uploads/2022/07/International-Day-of-the-Girl-2019-Banner.jpg,,
,,https://alwahabfoundation.org/wp-content/uploads/2022/07/Earthquake-Victims-Aid-Banner.jpg,,
,,https://alwahabfoundation.org/wp-content/uploads/2022/07/School-Result-Day-Banner.jpg,,
,,https://alwahabfoundation.org/wp-content/uploads/2022/07/Islamic-Year-Food-Banner.jpg,,
,,https://alwahabfoundation.org/wp-content/uploads/2022/07/Nutritional-Meal-Provided.jpg,,
,,https://alwahabfoundation.org/wp-content/uploads/2022/07/Ramadhan-Goals-2019.jpg,,
,,https://alwahabfoundation.org/wp-content/uploads/2022/07/Womens-Day-2019-Banner.jpg,,
,,https://alwahabfoundation.org/wp-content/uploads/2022/07/Rozgaar-2018-Banner.jpg,,
,,https://alwahabfoundation.org/wp-content/uploads/2022/07/Pakistan-Visit-2018-Banner.jpg,,
,,https://alwahabfoundation.org/wp-content/uploads/2022/07/Inauguration-Ceremony-Banner.jpg,,
,,https://alwahabfoundation.org/wp-content/uploads/2022/07/Iqraas-Story-Banner.jpg,,
,,https://alwahabfoundation.org/wp-content/uploads/2022/07/water-in-islam.jpg,,
,,https://alwahabfoundation.org/wp-content/uploads/2022/07/main-scaled-1.jpg,,
,,https://alwahabfoundation.org/wp-content/uploads/2022/07/IMPORTANTS-PF-RAMADAN-BANNER-1.png,,
,,https://alwahabfoundation.org/wp-content/uploads/2022/07/IMPORTANTS-PF-RAMADAN-BANNER.png,,
,,https://alwahabfoundation.org/wp-content/uploads/2022/07/Mufti-Abdul-Wahab-advice-on-corona-virus.png,,
,,https://alwahabfoundation.org/wp-content/uploads/2022/07/CV.png,,
,,https://alwahabfoundation.org/wp-content/uploads/2022/07/article-image-3.jpg,,
,,https://alwahabfoundation.org/wp-content/uploads/2022/07/1-1920x900-1.jpg,,
,,https://alwahabfoundation.org/wp-content/uploads/2022/07/food-poverty-2.jpg,,
,,https://alwahabfoundation.org/wp-content/uploads/2022/07/838b105c-7d91-4176-bdff-f4e24b9e17ce.jpeg,,
,,https://alwahabfoundation.org/wp-content/uploads/2022/07/new-habit-quran-1.jpg,,
,,https://alwahabfoundation.org/wp-content/uploads/2022/07/chairman-visit-header.png,,
,,https://alwahabfoundation.org/wp-content/uploads/2022/07/Water-Blogs.jpg,,
,,https://alwahabfoundation.org/wp-content/uploads/2022/07/food-pack-bloge.jpg,,
,,https://alwahabfoundation.org/wp-content/uploads/2022/07/header.jpeg,,
,,https://alwahabfoundation.org/wp-content/uploads/2022/07/ramadan-Main-without-ramadan-2-.jpg,,
,,https://alwahabfoundation.org/wp-content/uploads/2022/07/after-ramadan-blog-2.jpg,,
,,https://alwahabfoundation.org/wp-content/uploads/2022/07/zakat.jpg,,
,,https://alwahabfoundation.org/wp-content/uploads/2022/07/1-a.jpg,,
,,https://alwahabfoundation.org/wp-content/uploads/2022/07/winter-2.jpg,,
,,https://alwahabfoundation.org/wp-content/uploads/2022/07/Untitled-design.png,,
,,https://alwahabfoundation.org/wp-content/uploads/2022/07/foodblogheader.png,,
,,https://alwahabfoundation.org/wp-content/uploads/2022/07/chairmanblogheader.png,,
,,https://alwahabfoundation.org/wp-content/uploads/2022/07/lookbackat2021header.png,,
,,https://alwahabfoundation.org/wp-content/uploads/2022/07/Untitled-design-2.png,,
,,https://alwahabfoundation.org/wp-content/uploads/2022/07/Untitled-design-4.png,,
,,https://alwahabfoundation.org/wp-content/uploads/2022/07/ramadan2022blog1header.png,,
,,https://alwahabfoundation.org/wp-content/uploads/2022/07/Blog-banner-laylatul-qadr-01.png,,
,,https://alwahabfoundation.org/wp-content/uploads/2022/07/facebook-cover-qurbani-01.png,,
,,https://alwahabfoundation.org/wp-content/uploads/2022/07/qurbani-16-1.jpg,,
,,https://alwahabfoundation.org/wp-content/uploads/2022/07/Kausar-News-1536x864-1.jpg,,
,,https://alwahabfoundation.org/wp-content/uploads/2022/07/image.gif,,
,,https://alwahabfoundation.org/wp-content/uploads/2022/07/qurbani-17-2.jpg,,
,,https://alwahabfoundation.org/wp-content/uploads/2022/07/Zakat-Donation.jpg,,
,,https://alwahabfoundation.org/wp-content/uploads/2022/07/MAW-1.jpg,,
,,https://alwahabfoundation.org/wp-content/uploads/2022/07/MAW-31.jpg,,
,,https://alwahabfoundation.org/wp-content/uploads/2022/07/MAW-2.jpg,,
,,https://alwahabfoundation.org/wp-content/uploads/2022/07/2021.jpg,,
,,https://alwahabfoundation.org/wp-content/uploads/2022/07/2020.jpg,,
,,https://alwahabfoundation.org/wp-content/uploads/2022/07/2019.jpg,,
,,https://alwahabfoundation.org/wp-content/uploads/2022/07/2018.jpg,,
,,https://alwahabfoundation.org/wp-content/uploads/2022/07/2017.jpg,,
,,https://alwahabfoundation.org/wp-content/uploads/2022/07/2016.jpg,,
,,https://alwahabfoundation.org/wp-content/uploads/2022/07/2015.jpg,,
,,https://alwahabfoundation.org/wp-content/uploads/2022/07/2014.jpg,,
,,https://alwahabfoundation.org/wp-content/uploads/2022/07/youtube.svg,,
,,https://alwahabfoundation.org/wp-content/uploads/2022/07/Water-well.svg,,
,,https://alwahabfoundation.org/wp-content/uploads/2022/07/Water-Handpump.svg,,
,,https://alwahabfoundation.org/wp-content/uploads/2022/07/transparency.svg,,
,,https://alwahabfoundation.org/wp-content/uploads/2022/07/telephone.svg,,
,,https://alwahabfoundation.org/wp-content/uploads/2022/07/Sweater.svg,,
,,https://alwahabfoundation.org/wp-content/uploads/2022/07/Step1.svg,,
,,https://alwahabfoundation.org/wp-content/uploads/2022/07/Step-4.svg,,
,,https://alwahabfoundation.org/wp-content/uploads/2022/07/Step-3.svg,,
,,https://alwahabfoundation.org/wp-content/uploads/2022/07/Step-2.svg,,
,,https://alwahabfoundation.org/wp-content/uploads/2022/07/Sewing-Machine.svg,,
,,https://alwahabfoundation.org/wp-content/uploads/2022/07/School-Building.svg,,
,,https://alwahabfoundation.org/wp-content/uploads/2022/07/Rickshaw.svg,,
,,https://alwahabfoundation.org/wp-content/uploads/2022/07/quote.svg,,
,,https://alwahabfoundation.org/wp-content/uploads/2022/07/partnership.svg,,
,,https://alwahabfoundation.org/wp-content/uploads/2022/07/One-Child.svg,,
,,https://alwahabfoundation.org/wp-content/uploads/2022/07/Motorbike.svg,,
,,https://alwahabfoundation.org/wp-content/uploads/2022/07/Mosque.svg,,
,,https://alwahabfoundation.org/wp-content/uploads/2022/07/Madrassah.svg,,
,,https://alwahabfoundation.org/wp-content/uploads/2022/07/location.svg,,
,,https://alwahabfoundation.org/wp-content/uploads/2022/07/Integrity.svg,,
,,https://alwahabfoundation.org/wp-content/uploads/2022/07/instagram.svg,,
,,https://alwahabfoundation.org/wp-content/uploads/2022/07/Iftar.svg,,
,,https://alwahabfoundation.org/wp-content/uploads/2022/07/Group-of-People-Multiple-Children-Beneficiaries-Multiple-Women.svg,,
,,https://alwahabfoundation.org/wp-content/uploads/2022/07/Food.svg,,
,,https://alwahabfoundation.org/wp-content/uploads/2022/07/Food-Pack.svg,,
,,https://alwahabfoundation.org/wp-content/uploads/2022/07/Food-box.svg,,
,,https://alwahabfoundation.org/wp-content/uploads/2022/07/Family.svg,,
,,https://alwahabfoundation.org/wp-content/uploads/2022/07/facebook.svg,,
,,https://alwahabfoundation.org/wp-content/uploads/2022/07/Eye-Surgery.svg,,
,,https://alwahabfoundation.org/wp-content/uploads/2022/07/Eye-Camp.svg,,
,,https://alwahabfoundation.org/wp-content/uploads/2022/07/Excellence.svg,,
,,https://alwahabfoundation.org/wp-content/uploads/2022/07/equality.svg,,
,,https://alwahabfoundation.org/wp-content/uploads/2022/07/email.svg,,
,,https://alwahabfoundation.org/wp-content/uploads/2022/07/Cooked-Food.svg,,
,,https://alwahabfoundation.org/wp-content/uploads/2022/07/compassion.svg,,
,,https://alwahabfoundation.org/wp-content/uploads/2022/07/blanket.svg,,
,,https://alwahabfoundation.org/wp-content/uploads/2022/07/MAW-3.jpg,,
,,https://alwahabfoundation.org/wp-content/uploads/2022/07/Mufti-Abdul-Wahab.jpeg,,
,,https://alwahabfoundation.org/wp-content/uploads/2022/06/189426e6f5d2244b12625261e2d22735_optimized.jpg,,
,,https://alwahabfoundation.org/wp-content/uploads/2022/06/placeholder-4.png,,
,,https://alwahabfoundation.org/wp-content/uploads/2022/06/placeholder-3.png,,
,,https://alwahabfoundation.org/wp-content/uploads/2022/06/placeholder-2.png,,
,,https://alwahabfoundation.org/wp-content/uploads/2022/06/team-member-05.jpg,,
,,https://alwahabfoundation.org/wp-content/uploads/2022/06/team-member-06.jpg,,
,,https://alwahabfoundation.org/wp-content/uploads/2022/06/team-member-07.jpg,,
,,https://alwahabfoundation.org/wp-content/uploads/2022/06/team-member-08.jpg,,
,,https://alwahabfoundation.org/wp-content/uploads/2022/06/team-member-09.jpg,,
,,https://alwahabfoundation.org/wp-content/uploads/2022/06/placeholder-1.png,,
,,https://alwahabfoundation.org/wp-content/uploads/2022/06/placeholder.png,,
,,https://alwahabfoundation.org/wp-content/uploads/2022/06/AWF-reports-3.jpg,,
,,https://alwahabfoundation.org/wp-content/uploads/2022/06/AWF-reports-2.jpg,,
,,https://alwahabfoundation.org/wp-content/uploads/2022/06/AWF-reports-1.jpg,,
,,https://alwahabfoundation.org/wp-content/uploads/2022/06/0566da91b4441a637277b6302d917027_optimized.jpg,,
,,https://alwahabfoundation.org/wp-content/uploads/2022/06/report.jpg,,
,,https://alwahabfoundation.org/wp-content/uploads/2022/06/Get-Involved.jpg,,
,,https://alwahabfoundation.org/wp-content/uploads/2022/06/d1ee03a6e53f1ad4b00e65cb6965a8c3_optimized.jpg,,
,,https://alwahabfoundation.org/wp-content/uploads/2022/06/3b1caf94a5738ad7f8e5b8a7b3df81ef.jpg,,
,,https://alwahabfoundation.org/wp-content/uploads/2022/06/770e3d22d62e978c527c9ad8f8877abb.jpg,,
,,https://alwahabfoundation.org/wp-content/uploads/2022/06/f6aeaad91bc01663298d13fb2451d7d0.jpg,,
,,https://alwahabfoundation.org/wp-content/uploads/2022/06/AWF-Water-Appeal-1.jpg,,
,,https://alwahabfoundation.org/wp-content/uploads/2022/06/AWF-Water-Appeal-4.jpg,,
,,https://alwahabfoundation.org/wp-content/uploads/2022/06/AWF-Water-Appeal-3.jpg,,
,,https://alwahabfoundation.org/wp-content/uploads/2022/06/AWF-Water-Appeal-2.jpg,,
,,https://alwahabfoundation.org/wp-content/uploads/2022/06/cc88100de121c6e1ac8386e1b4ca334b.jpg,,
,,https://alwahabfoundation.org/wp-content/uploads/2022/06/awf.jpg,,
,,https://alwahabfoundation.org/wp-content/uploads/2022/06/WhatsApp-Image-2022-03-02-at-16.58.00-1080x658-1.jpeg,,
,,https://alwahabfoundation.org/wp-content/uploads/2022/06/set-a-monthly-donation-1.jpg,,
,,https://alwahabfoundation.org/wp-content/uploads/2022/06/Sadaqah-saves-lives-1.jpg,,
,,https://alwahabfoundation.org/wp-content/uploads/2022/06/calculate-your-zakat-1.jpg,,
,,https://alwahabfoundation.org/wp-content/uploads/2022/06/banner-image-awf.png,,
,,https://alwahabfoundation.org/wp-content/uploads/2022/06/Al-wahab-Foundation-Appeals-2.png,,
,,https://alwahabfoundation.org/wp-content/uploads/2022/06/Al-wahab-Foundation-Appeals-1.png,,
,,https://alwahabfoundation.org/wp-content/uploads/2022/06/Al-wahab-Foundation-Appeals-3.png,,
,,https://alwahabfoundation.org/wp-content/uploads/2022/06/the-greatest-gift.jpg,,
,,https://alwahabfoundation.org/wp-content/uploads/2022/06/set-a-monthly-donation.jpg,,
,,https://alwahabfoundation.org/wp-content/uploads/2022/06/Sadaqah-saves-lives.jpg,,
,,https://alwahabfoundation.org/wp-content/uploads/2022/06/halal-income.jpg,,
,,https://alwahabfoundation.org/wp-content/uploads/2022/06/calculate-your-zakat.jpg,,
,,https://alwahabfoundation.org/wp-content/uploads/2022/06/brighten-lives.jpg,,
,,https://alwahabfoundation.org/wp-content/uploads/2022/06/Home-121.png,,
,,https://alwahabfoundation.org/wp-content/uploads/2022/06/AWF-Logo_Icon-White1.png,,
,,https://alwahabfoundation.org/wp-content/uploads/2022/06/AWF-Logo_Icon-Colored1.png,,
,,https://alwahabfoundation.org/wp-content/uploads/2022/06/AWF-LOGO-2.png,,
,,https://alwahabfoundation.org/wp-content/uploads/2022/06/AWF-LOGO-1.png,,
,,https://alwahabfoundation.org/wp-content/uploads/2022/06/cropped-AWF-Logo_Icon-Colored-1.png,,
,,https://alwahabfoundation.org/wp-content/uploads/2022/06/cropped-AWF-Logo_Icon-Colored.png,,
,,https://alwahabfoundation.org/wp-content/uploads/2022/06/AWF-Logo_Icon-Colored.png,,
,,https://alwahabfoundation.org/wp-content/uploads/2022/06/AWF-Logo_Icon-White.png,,
,,https://alwahabfoundation.org/wp-content/uploads/2022/06/AWF-Logo_Variation4-Colored.png,,
,,https://alwahabfoundation.org/wp-content/uploads/2022/06/AWF-Logo_Variation4-White.png,,
